Recency,MntWines,MntFruits,MntMeatProducts,MntFishProducts,MntSweetProducts,MntGoldProds,Total_Spending,cluster_purchase_behavior
58,635,88,546,172,88,88,1617,1
38,11,1,6,2,1,6,27,0
26,426,49,127,111,21,42,776,2
26,11,4,20,10,3,5,53,0
94,173,43,118,46,27,15,422,0
16,520,42,98,0,42,14,716,2
34,235,65,164,50,49,27,590,2
32,76,10,56,3,1,23,169,0
19,14,0,24,3,3,2,46,0
68,28,0,6,1,1,13,49,0
11,5,5,6,0,2,1,19,0
59,6,16,11,11,1,16,61,0
82,194,61,480,225,112,30,1102,1
53,233,2,53,3,5,14,310,0
38,3,14,17,6,1,5,46,0
23,1006,22,115,59,68,45,1315,2
51,53,5,19,2,13,4,96,0
20,84,5,38,150,12,28,317,0
91,1012,80,498,0,16,176,1782,3
86,4,17,19,30,24,39,133,0
41,86,2,73,69,38,48,316,0
42,1,1,1725,1,1,1,1730,3
63,867,0,86,0,0,19,972,2
0,384,0,102,21,32,5,544,0
69,270,3,27,39,6,99,444,2
89,6,4,25,15,12,13,75,0
4,173,4,30,3,6,41,257,0
19,5,1,3,3,263,362,637,1
26,36,2,42,20,21,10,131,0
96,684,100,801,21,66,0,1672,3
34,8,4,10,2,2,4,30,0
56,112,17,44,34,22,89,318,2
31,110,0,5,2,0,3,120,0
8,96,12,96,33,22,43,302,0
4,482,34,471,119,68,22,1196,3
55,40,0,19,2,1,3,65,0
37,702,17,151,0,8,35,913,2
76,6,3,14,15,7,36,81,0
99,55,0,6,2,0,4,67,0
53,437,8,206,160,49,42,902,2
3,421,76,536,82,178,102,1395,1
88,13,1,29,3,0,7,53,0
4,9,0,6,3,1,3,22,0
80,81,11,50,3,2,39,186,0
19,3,1,10,3,2,12,31,0
72,123,164,266,227,30,174,984,1
24,3,18,14,15,22,50,122,0
92,13,6,15,3,5,13,55,0
96,48,5,48,6,10,7,124,0
39,826,50,317,50,38,38,1319,3
29,245,19,125,37,67,14,507,2
2,650,37,780,27,167,32,1693,3
54,12,6,20,30,1,3,72,0
54,510,120,550,156,40,241,1617,1
57,328,9,124,12,24,109,606,2
55,984,51,432,180,120,190,1957,1
30,295,35,482,121,120,40,1093,1
31,13,0,8,2,1,5,29,0
57,11,3,22,2,2,6,46,0
63,447,0,28,0,0,43,518,0
12,712,26,538,69,13,80,1438,3
18,452,18,102,16,18,6,612,2
26,523,7,134,37,14,169,884,2
8,546,0,48,0,6,6,606,0
29,398,40,367,119,122,30,1076,1
75,1,3,6,3,6,15,34,0
0,10,0,1,0,0,0,11,0
19,688,14,309,201,24,38,1274,3
4,247,49,159,7,82,109,653,2
90,856,59,487,58,29,73,1562,3
1,496,36,460,189,60,12,1253,1
25,25,3,43,17,4,17,109,0
29,258,107,291,84,37,86,863,1
88,565,6,65,0,6,19,661,2
58,14,10,13,4,15,9,65,0
68,2,1,6,2,1,1,13,0
34,721,111,925,97,18,18,1890,3
40,1032,105,779,137,105,51,2209,3
12,1,0,5,0,3,9,18,0
9,577,0,64,0,0,51,692,2
87,64,4,68,7,5,17,165,0
5,4,1,5,2,0,4,16,0
87,25,5,19,7,0,23,79,0
56,112,17,44,34,22,89,318,2
18,163,23,424,27,65,76,778,2
95,17,8,14,10,4,3,56,0
48,130,0,16,0,0,5,151,0
3,292,6,37,0,3,34,372,0
70,350,60,568,110,133,145,1366,1
79,135,9,39,4,0,7,194,0
4,230,42,192,49,37,53,603,2
45,7,0,8,2,0,1,18,0
87,445,37,359,98,28,18,985,3
69,15,2,10,0,1,4,32,0
84,27,2,14,0,0,0,43,0
30,5,3,11,12,5,9,45,0
72,505,0,26,0,0,75,606,2
37,51,2,7,0,1,2,63,0
44,207,26,447,75,0,223,978,2
32,135,46,92,65,61,11,410,0
0,53,1,5,2,1,10,72,0
43,41,1,6,2,0,5,55,0
59,386,172,183,185,132,111,1169,1
68,562,81,276,80,40,81,1120,2
35,217,76,690,50,26,38,1097,3
94,1,3,6,10,0,9,29,0
15,144,1,32,2,1,7,187,0
56,295,106,271,75,98,65,910,1
17,76,3,31,4,4,27,145,0
18,454,194,106,31,22,43,850,1
46,425,115,292,23,35,79,969,2
40,1332,17,311,23,51,86,1820,3
27,527,0,21,0,0,60,608,2
95,490,44,125,29,20,22,730,2
19,378,0,101,0,0,72,551,2
27,64,1,21,0,1,27,114,0
25,547,99,812,151,82,33,1724,1
74,47,90,94,123,103,120,577,1
85,12,5,25,0,9,30,81,0
37,1,6,7,11,5,3,33,0
65,320,48,133,39,72,48,660,2
13,34,3,29,0,4,10,80,0
63,9,0,7,3,4,7,30,0
83,17,0,14,7,3,2,43,0
69,722,27,102,44,72,168,1135,2
87,162,33,124,40,28,172,559,2
37,450,133,951,173,0,216,1923,1
51,70,0,16,0,0,4,90,0
23,352,0,27,10,0,15,404,0
72,492,19,110,16,12,12,661,2
10,120,58,73,65,89,58,463,2
42,534,5,47,0,5,41,632,2
10,236,106,189,23,41,130,725,2
96,231,65,196,38,71,124,725,2
51,220,0,33,3,0,23,279,0
21,796,14,590,38,44,0,1482,3
31,0,1,3,10,6,9,29,0
61,53,1,34,2,0,16,106,0
37,15,0,8,4,2,20,49,0
74,17,1,12,3,1,4,38,0
46,962,61,921,52,61,20,2077,3
4,738,0,232,13,20,50,1053,2
73,399,28,756,36,40,126,1385,3
47,614,16,132,43,33,33,871,2
13,32,34,41,73,16,116,312,2
36,598,16,141,32,41,49,877,2
47,2,1,18,20,11,16,68,0
49,6,1,10,0,1,4,22,0
94,73,3,90,12,1,32,211,0
65,42,16,29,12,20,8,127,0
59,295,21,78,39,13,13,459,0
96,346,17,48,23,13,13,460,0
28,233,20,57,8,20,91,429,2
12,5,7,24,19,14,20,89,0
57,888,0,57,0,0,76,1021,2
10,997,26,269,34,13,42,1381,2
4,212,6,69,4,12,3,306,0
49,8,1,7,2,0,0,18,0
3,42,11,57,10,28,14,162,0
64,536,11,387,149,91,57,1231,3
0,5,0,3,0,0,5,13,0
20,1349,16,249,43,16,33,1706,3
91,53,3,49,7,4,5,121,0
9,1001,12,240,16,12,12,1293,2
98,20,2,1582,1,2,1,1608,3
83,18,1,32,6,3,28,88,0
27,125,16,98,134,21,27,421,0
63,212,5,33,7,0,2,259,0
46,277,162,305,173,76,124,1117,1
84,15,10,19,8,17,20,89,0
58,7,3,10,8,1,7,36,0
78,12,4,6,11,8,16,57,0
4,85,7,24,2,3,27,148,0
17,81,0,6,0,0,6,93,0
77,59,0,12,0,0,48,119,0
56,1149,71,449,69,71,26,1835,3
79,847,66,119,86,89,111,1318,1
90,29,0,14,0,0,2,45,0
96,2,0,5,2,0,1,10,0
44,207,26,447,75,0,223,978,2
81,152,3,22,2,5,7,191,0
77,12,11,10,3,12,9,57,0
21,620,26,195,34,17,141,1033,2
16,47,1,6,0,0,12,66,0
80,1,9,7,2,14,10,43,0
45,10,1,18,10,4,7,50,0
63,35,0,2,0,0,2,39,0
34,356,0,107,19,9,117,608,2
14,783,30,537,140,76,15,1581,3
13,42,1,18,3,0,4,68,0
52,1,4,10,29,0,36,80,0
98,466,22,432,147,113,102,1282,1
99,15,6,8,7,4,25,65,0
93,23,3,21,3,19,22,91,0
38,235,6,45,8,9,12,315,0
24,10,0,10,3,1,7,31,0
80,656,16,106,32,16,8,834,2
82,519,17,813,27,173,51,1600,3
20,344,189,482,50,33,172,1270,1
81,96,1,79,7,1,79,263,0
50,448,4,34,6,4,39,535,0
60,265,138,553,224,23,92,1295,1
63,587,43,337,42,87,54,1150,3
54,763,29,138,76,176,58,1240,1
72,22,0,13,0,0,3,38,0
5,6,4,1,7,2,15,35,0
88,7,6,13,7,6,14,53,0
50,81,18,113,47,13,21,293,0
99,54,0,7,0,0,4,65,0
17,1170,48,320,42,32,192,1804,3
11,72,24,68,65,4,8,241,0
18,613,22,319,33,102,12,1101,2
70,224,0,30,0,0,10,264,0
21,410,0,59,19,9,44,541,2
66,239,10,554,254,87,54,1198,1
79,171,7,171,25,19,89,482,2
2,12,0,4,0,0,1,17,0
81,1076,16,417,42,48,16,1615,3
24,182,4,33,0,0,66,285,0
48,824,32,162,42,32,43,1135,2
93,30,11,25,29,1,18,114,0
56,377,10,540,80,30,10,1047,3
3,520,7,154,19,0,14,714,2
44,155,1,25,0,1,3,185,0
38,897,23,207,15,11,92,1245,2
46,131,0,16,2,1,39,189,0
84,297,7,79,0,11,182,576,2
27,787,20,204,0,0,92,1103,2
72,792,86,740,67,51,17,1753,3
66,4,1,9,3,0,0,17,0
30,231,7,137,4,15,39,433,0
2,983,76,184,180,138,27,1588,1
65,3,1,8,4,3,3,22,0
37,0,4,5,6,0,4,19,0
89,562,21,464,28,10,32,1117,3
49,5,9,20,6,8,21,69,0
46,18,0,4,0,0,1,23,0
32,415,5,124,15,35,11,605,2
54,5,3,10,12,7,20,57,0
23,8,0,5,7,0,2,22,0
98,901,61,757,186,163,20,2088,1
97,382,114,276,75,124,38,1009,1
75,14,1,7,2,1,1,26,0
8,559,153,503,218,13,181,1627,1
37,789,0,133,0,28,152,1102,2
31,11,0,5,0,0,1,17,0
40,1218,16,272,104,0,80,1690,3
74,925,64,179,133,12,77,1390,3
90,864,134,768,150,38,172,2126,1
57,960,28,183,220,70,70,1531,1
59,16,3,25,6,1,13,64,0
52,3,3,7,0,2,11,26,0
5,168,148,444,32,172,148,1112,1
92,45,47,52,21,20,25,210,0
77,650,28,353,45,42,30,1148,3
35,24,0,8,0,0,1,33,0
48,918,21,118,13,10,21,1101,2
97,138,33,87,28,24,12,322,0
95,12,4,2,10,6,10,44,0
24,11,0,4,0,0,2,17,0
60,1,2,8,4,3,13,31,0
46,554,41,215,11,0,24,845,2
85,167,2,62,24,13,7,275,0
31,9,0,6,4,1,5,25,0
9,177,2,71,3,2,20,275,0
30,38,4,22,4,2,20,90,0
47,483,84,398,205,84,241,1495,1
70,77,2,35,0,1,69,184,0
13,182,74,298,162,149,116,981,1
11,10,7,19,8,2,21,67,0
31,778,44,499,95,73,146,1635,3
15,16,7,23,0,8,6,60,0
2,167,0,43,6,2,13,231,0
55,13,2,14,8,7,4,48,0
38,33,6,40,3,7,10,99,0
86,625,7,99,10,22,7,770,2
56,216,162,224,101,92,162,957,1
29,68,129,396,188,22,15,818,1
30,196,0,512,33,130,54,925,2
64,635,15,100,20,7,131,908,2
46,4,19,9,28,25,17,102,0
84,297,7,79,0,11,182,576,2
20,84,5,38,150,12,28,317,0
74,204,7,149,20,15,66,461,2
18,26,0,8,0,0,3,37,0
75,15,6,20,4,5,20,70,0
17,304,98,230,150,74,74,930,1
88,285,28,242,55,114,135,859,2
19,395,183,565,166,141,28,1478,1
62,248,3,81,4,3,51,390,0
11,20,6,5,0,9,12,52,0
74,39,0,56,20,8,14,137,0
32,777,129,573,216,21,203,1919,1
76,8,3,22,21,1,13,68,0
6,9,1,3,0,4,8,25,0
62,1241,0,80,0,13,40,1374,2
20,6,4,7,4,3,8,32,0
43,65,4,16,0,4,11,100,0
45,395,15,263,60,54,38,825,2
34,801,0,80,0,0,35,916,2
53,36,0,12,2,2,10,62,0
44,513,14,154,19,0,28,728,2
89,37,0,46,4,3,0,90,0
43,80,15,93,20,13,52,273,0
68,14,1,21,2,3,25,66,0
44,525,147,112,219,147,63,1213,1
64,1,26,25,17,23,15,107,0
85,675,11,400,15,45,11,1157,3
93,509,0,27,0,0,10,546,0
12,154,2,46,20,4,15,241,0
86,3,5,14,2,12,17,53,0
28,25,0,8,2,0,2,37,0
69,861,138,461,60,30,61,1611,3
42,768,44,561,77,44,14,1508,3
13,185,0,28,3,2,17,235,0
86,24,0,7,0,0,1,32,0
59,44,4,21,6,0,27,102,0
30,91,64,128,65,3,50,401,2
33,11,0,7,3,1,6,28,0
67,738,20,172,52,50,20,1052,2
23,412,5,119,38,29,77,680,2
81,3,3,7,6,2,9,30,0
6,16,0,3,0,0,1,20,0
41,731,60,353,78,12,73,1307,3
78,424,17,118,7,23,41,630,2
49,792,0,275,45,45,126,1283,2
39,21,2,28,3,2,9,65,0
3,22,1,11,0,1,2,37,0
37,33,0,5,0,0,0,38,0
22,68,7,59,10,5,11,160,0
79,9,1,6,3,0,4,23,0
46,40,2,15,8,0,6,71,0
82,909,11,218,0,0,23,1161,2
10,23,1,13,2,2,18,59,0
51,11,2,9,3,0,8,33,0
38,317,46,247,151,46,139,946,1
10,797,153,293,72,97,30,1442,1
14,10,2,16,11,2,21,62,0
18,856,61,570,40,25,122,1674,3
36,755,144,562,104,64,224,1853,1
95,456,19,832,75,118,38,1538,3
11,37,32,38,11,3,18,139,0
65,1103,0,45,0,0,34,1182,2
71,378,14,68,19,14,14,507,0
13,1,6,7,0,1,3,18,0
58,204,34,204,172,153,173,940,1
65,30,0,9,0,0,3,42,0
0,189,104,379,111,189,218,1190,1
33,15,0,12,7,3,7,44,0
90,9,0,3,0,0,4,16,0
95,495,33,255,11,33,8,835,2
93,656,80,455,52,107,93,1443,3
38,452,20,514,13,30,0,1029,2
18,546,91,410,119,0,22,1188,3
57,1048,0,217,0,0,12,1277,2
45,22,2,14,0,1,10,49,0
61,78,0,11,0,0,10,99,0
6,561,64,785,84,128,48,1670,3
65,629,17,177,69,0,8,900,2
52,269,15,69,15,19,38,425,0
87,736,163,818,212,163,61,2153,1
38,512,0,83,0,0,41,636,2
53,19,3,10,11,8,6,57,0
31,9,0,6,4,1,5,25,0
67,247,8,160,6,8,65,494,2
65,404,0,92,28,27,142,693,2
64,333,0,815,129,42,29,1348,3
82,2,3,20,6,11,9,51,0
27,833,33,549,151,133,233,1932,1
63,789,0,142,12,9,38,990,2
66,10,4,7,0,6,3,30,0
69,159,4,45,6,2,38,254,0
52,7,1,6,3,1,11,29,0
45,977,12,253,16,12,101,1371,2
2,38,4,22,3,3,3,73,0
86,57,0,27,0,0,36,120,0
23,3,9,15,13,2,39,81,0
13,10,4,14,4,4,1,37,0
14,1043,24,97,32,24,157,1377,2
92,3,9,13,2,12,12,51,0
38,11,0,5,0,0,1,17,0
74,3,6,5,0,2,6,22,0
14,43,12,96,78,40,55,324,0
94,73,3,90,12,1,32,211,0
33,12,0,1,0,0,6,19,0
32,4,7,7,6,4,13,41,0
11,314,11,53,4,3,107,492,2
78,571,50,142,33,50,159,1005,2
56,70,0,11,2,8,23,114,0
57,866,21,151,28,21,86,1173,2
7,594,134,786,33,134,57,1738,1
0,140,4,61,0,13,4,222,0
66,375,152,335,93,91,81,1127,1
86,102,9,63,2,9,24,209,0
80,554,35,113,0,7,78,787,2
56,919,0,505,99,30,45,1598,3
18,96,1,42,12,3,32,186,0
51,5,2,16,3,2,19,47,0
71,2,0,6,8,6,5,27,0
71,6,4,9,6,36,35,96,0
80,23,1,25,0,8,7,64,0
2,610,105,125,137,42,21,1040,1
83,67,5,61,3,8,19,163,0
29,65,36,74,38,20,110,343,2
11,416,0,26,0,0,4,446,0
55,23,0,11,3,2,2,41,0
19,19,3,26,10,9,3,70,0
1,155,7,80,13,7,10,272,0
19,14,0,24,3,3,2,46,0
28,370,9,92,6,9,4,490,0
76,4,22,11,3,7,32,79,0
50,407,53,221,58,150,26,915,1
1,1200,0,204,38,29,14,1485,2
90,85,44,54,102,78,6,369,0
83,583,34,309,0,22,125,1073,2
73,483,0,591,156,0,12,1242,3
24,2,5,9,28,6,28,78,0
11,966,26,282,52,26,26,1378,3
33,822,114,108,179,137,114,1474,1
4,604,0,100,19,0,28,751,2
14,19,3,19,3,1,3,48,0
30,5,3,11,12,5,9,45,0
75,2,2,2,2,1,1,10,0
26,1076,68,103,29,91,68,1435,3
77,1285,42,716,55,0,21,2119,3
8,10,0,7,2,0,1,20,0
42,551,137,792,179,103,33,1795,1
28,800,0,297,0,34,57,1188,2
52,2,2,11,10,6,12,43,0
1,378,0,189,97,172,172,1008,1
1,1248,16,349,43,16,16,1688,3
42,235,0,235,19,4,191,684,2
76,515,47,181,149,95,95,1082,1
27,438,66,400,12,38,114,1068,2
28,25,0,22,2,3,5,57,0
49,31,0,7,2,0,6,46,0
12,357,35,271,28,28,14,733,2
14,400,4,35,6,0,22,467,0
89,99,0,15,2,1,5,122,0
96,1,11,5,4,6,9,36,0
56,5,4,13,8,0,4,34,0
72,77,28,31,16,0,4,156,0
14,3,1,2,4,3,1,14,0
13,10,4,14,4,4,1,37,0
99,0,6,3,7,6,12,34,0
72,0,0,1,2,12,5,20,0
92,76,14,74,13,5,10,192,0
87,398,190,537,61,156,37,1379,1
7,14,7,11,11,0,5,48,0
91,208,7,82,30,66,35,428,0
71,430,16,322,43,24,33,868,2
24,656,38,161,62,47,37,1001,2
17,14,2,30,8,2,3,59,0
87,141,70,106,72,19,23,431,0
21,507,19,364,25,47,9,971,2
90,164,24,103,12,3,42,348,0
44,606,24,974,197,194,64,2059,1
71,116,11,72,3,17,46,265,0
52,143,15,60,24,23,5,270,0
78,398,96,447,220,96,32,1289,1
2,522,0,257,32,16,66,893,2
60,161,0,253,199,191,122,926,1
25,112,0,6,2,1,14,135,0
47,483,84,398,205,84,241,1495,1
46,7,5,39,17,15,37,120,0
83,789,25,420,16,38,0,1288,3
17,1239,17,413,23,34,17,1743,3
13,4,1,5,2,0,3,15,0
86,335,42,127,28,5,5,542,0
92,639,8,166,11,8,58,890,2
47,563,76,384,84,192,89,1388,1
18,2,0,8,2,2,3,17,0
81,746,8,125,11,8,8,906,2
91,22,1,13,4,0,4,44,0
58,4,1,6,4,1,9,25,0
40,478,0,193,110,75,117,973,2
67,20,3,4,2,0,2,31,0
19,451,0,39,0,4,24,518,0
93,371,22,39,6,0,92,530,2
41,281,7,84,15,0,119,506,2
60,19,7,19,0,1,24,70,0
54,26,3,13,2,10,0,54,0
26,138,15,35,25,11,72,296,0
30,213,2,44,0,2,5,266,0
93,407,28,100,120,74,18,747,2
35,483,74,114,169,37,18,895,1
4,738,0,232,13,20,50,1053,2
92,502,12,109,16,6,90,735,2
24,11,0,5,2,1,1,20,0
96,24,1,108,29,29,14,205,0
11,1170,19,594,99,76,134,2092,3
99,185,2,88,15,5,14,309,0
72,983,20,389,240,50,40,1722,3
77,691,0,69,10,0,130,900,2
85,504,13,131,8,0,26,682,2
88,317,25,265,25,19,12,663,2
22,29,1,9,2,0,2,43,0
83,1396,0,322,46,35,17,1816,3
63,529,0,356,63,28,0,976,2
9,388,14,218,91,14,21,746,2
92,13,2,21,4,0,24,64,0
2,28,0,4,0,0,0,32,0
6,16,36,21,20,62,108,263,2
66,1047,0,140,67,38,153,1445,2
49,31,0,7,2,0,6,46,0
29,815,10,239,28,10,108,1210,2
77,225,162,387,106,36,29,945,1
77,493,70,324,146,40,84,1157,1
71,34,4,66,3,10,20,137,0
49,382,138,65,60,26,59,730,2
97,127,1,56,0,1,31,216,0
6,325,83,300,86,58,91,943,1
93,238,17,68,8,10,6,347,0
78,1168,92,408,72,129,55,1924,3
62,284,0,55,0,6,52,397,0
47,1288,20,613,80,61,27,2089,3
9,65,0,46,4,3,20,138,0
77,11,7,9,3,1,11,42,0
24,227,23,389,42,21,75,777,2
19,1035,134,670,25,38,0,1902,3
67,27,1,12,2,0,10,52,0
95,982,73,351,56,14,175,1651,3
48,179,2,64,38,17,58,358,0
73,1379,33,216,0,33,66,1727,3
35,32,1,64,16,12,85,210,0
76,8,4,15,7,6,2,42,0
20,881,38,319,16,25,12,1291,3
72,141,15,153,67,31,35,442,0
20,1000,155,379,224,17,120,1895,1
69,206,10,67,30,27,71,411,2
80,162,61,83,97,57,61,521,2
65,619,54,260,127,54,54,1168,3
52,456,4,24,0,0,9,493,0
65,112,6,92,3,9,38,260,0
57,11,3,22,2,2,6,46,0
70,172,12,112,8,0,15,319,0
0,78,0,11,0,0,7,96,0
19,464,151,292,65,60,30,1062,1
50,99,4,32,37,54,6,232,0
67,19,3,19,4,5,26,76,0
46,1,9,8,11,3,22,54,0
37,63,10,83,7,19,19,201,0
38,252,3,42,4,3,102,406,2
9,1478,19,403,0,19,0,1919,3
56,198,18,252,32,108,54,662,2
98,8,4,10,6,7,6,41,0
68,416,46,925,60,107,46,1600,3
72,42,7,43,20,12,10,134,0
47,14,3,21,2,1,28,69,0
33,17,0,3,0,0,1,21,0
87,15,4,10,3,4,18,54,0
0,6,16,24,11,0,34,91,0
73,458,0,24,6,4,34,526,0
74,30,3,47,19,21,42,162,0
4,179,28,520,111,123,47,1008,1
50,90,17,97,15,6,15,240,0
57,308,85,137,102,45,118,795,1
30,557,129,761,29,185,111,1772,1
27,7,4,13,15,8,17,64,0
61,1492,38,287,50,57,33,1957,3
4,30,8,12,8,8,12,78,0
75,249,153,940,58,134,38,1572,1
12,465,25,132,136,0,37,795,2
13,129,129,259,168,121,83,889,1
9,174,18,81,28,6,24,331,0
48,189,2,29,3,2,40,265,0
80,747,10,161,65,40,42,1065,2
60,6,0,2,2,0,1,11,0
43,14,0,3,0,0,4,21,0
19,12,0,4,0,0,1,17,0
26,98,0,106,49,10,106,369,2
58,32,0,5,0,0,1,38,0
42,51,12,49,17,24,24,177,0
27,200,5,44,0,10,20,279,0
56,25,6,25,6,0,0,62,0
27,1050,12,144,0,0,24,1230,2
10,117,0,22,13,0,30,182,0
48,9,4,17,10,2,7,49,0
39,56,0,11,0,0,8,75,0
85,145,13,46,17,2,4,227,0
64,203,0,10,0,0,2,215,0
69,270,3,27,39,6,99,444,2
54,9,0,16,6,6,10,47,0
57,37,12,23,8,11,52,143,0
64,46,0,7,0,0,2,55,0
10,31,1,13,7,2,9,63,0
65,1060,21,530,32,0,224,1867,3
74,264,47,188,54,47,11,611,2
4,399,4,30,6,4,30,473,0
94,8,9,9,2,5,22,55,0
41,19,0,35,6,4,17,81,0
25,817,183,797,106,163,20,2086,1
94,292,127,635,132,127,165,1478,1
9,12,6,2,11,2,16,49,0
47,130,30,168,20,34,0,382,0
12,6,4,16,3,10,30,69,0
80,16,12,18,7,1,13,67,0
20,19,0,9,0,0,2,30,0
39,4,7,15,13,9,15,63,0
57,31,3,31,2,8,4,79,0
27,36,0,2,0,0,4,42,0
83,526,28,135,10,21,99,819,2
79,400,32,519,71,75,54,1151,3
69,410,16,114,0,5,49,594,2
77,80,3,26,4,2,14,129,0
15,88,10,46,2,3,64,213,0
99,55,0,6,2,0,4,67,0
61,5,1,13,3,5,1,28,0
23,8,4,5,15,2,11,45,0
84,410,0,592,147,22,22,1193,3
74,101,13,76,20,18,40,268,0
90,162,25,53,16,0,10,266,0
41,2,8,1,4,7,15,37,0
28,25,0,8,2,0,2,37,0
73,389,91,248,64,49,41,882,2
88,215,13,87,17,17,24,373,0
94,27,0,5,0,0,3,35,0
31,85,1,16,2,1,2,107,0
31,5,6,10,6,5,10,42,0
6,179,8,83,19,11,26,326,0
23,352,0,27,10,0,15,404,0
92,17,8,12,11,15,32,95,0
52,625,35,169,58,17,35,939,2
50,10,6,11,0,4,2,33,0
54,390,22,323,104,35,107,981,2
93,10,2,15,2,1,6,36,0
56,215,63,507,231,31,190,1237,1
28,1001,17,572,93,125,17,1825,3
94,19,18,33,24,1,8,103,0
76,41,5,129,10,3,3,191,0
43,1181,107,199,39,30,30,1586,3
46,603,45,207,36,18,54,963,2
13,129,129,259,168,121,83,889,1
27,10,24,15,13,1,30,93,0
12,514,22,732,42,198,79,1587,1
3,14,0,1,0,0,1,16,0
72,387,20,713,38,54,163,1375,3
6,121,103,69,8,44,48,393,2
53,965,69,279,54,41,69,1477,3
58,707,21,250,85,43,73,1179,2
78,571,50,142,33,50,159,1005,2
57,586,66,653,17,0,26,1348,3
37,1063,89,102,16,12,25,1307,2
20,305,3,27,4,3,144,486,2
73,1200,105,758,0,42,147,2252,3
56,163,2,40,8,11,11,235,0
36,1009,181,104,202,21,207,1724,1
9,125,6,73,8,4,19,235,0
42,721,0,152,119,50,50,1092,2
28,315,4,62,41,31,146,599,2
23,1000,19,711,125,115,38,2008,3
38,16,0,17,6,3,6,48,0
63,757,80,217,29,80,11,1174,3
71,30,2,25,0,1,9,67,0
9,219,3,100,26,0,17,365,0
81,1,1,1,1,1,1,6,0
87,111,3,28,2,6,15,165,0
92,45,47,52,21,20,25,210,0
36,410,112,420,0,82,71,1095,1
86,100,1,39,6,1,76,223,0
83,509,0,65,7,11,5,597,0
74,3,6,5,0,2,6,22,0
87,445,53,213,104,98,151,1064,1
29,2,2,11,41,7,11,74,0
88,4,1,11,6,2,2,26,0
77,6,1,7,23,4,19,60,0
25,14,0,3,0,0,3,20,0
34,1,10,11,19,3,15,59,0
43,26,0,6,0,0,2,34,0
76,111,16,37,7,9,18,198,0
81,418,61,428,80,51,10,1048,3
87,327,9,122,19,14,83,574,2
33,371,159,194,58,106,141,1029,1
38,275,59,107,69,101,59,670,2
63,789,0,142,12,9,38,990,2
26,1,1,5,0,3,1,11,0
17,1004,12,145,32,12,36,1241,2
75,187,81,149,25,43,91,576,2
13,56,4,76,17,1,18,172,0
19,365,32,117,34,110,6,664,2
51,595,23,123,10,23,154,928,2
81,1132,134,384,175,134,115,2074,1
32,34,11,137,179,61,45,467,2
84,116,6,82,6,6,41,257,0
87,565,32,435,28,32,54,1146,3
99,372,18,126,47,48,78,689,2
96,899,102,838,133,102,40,2114,3
21,55,16,1622,17,3,4,1717,3
40,760,40,480,0,40,26,1346,3
3,260,86,559,63,9,67,1044,3
98,459,0,24,6,0,4,493,0
73,466,0,224,119,49,99,957,2
90,67,15,80,17,11,80,270,0
29,2,0,7,3,7,10,29,0
3,67,1,20,0,2,31,121,0
94,92,4,18,3,3,6,126,0
65,4,2,11,2,0,4,23,0
33,20,1,28,3,3,2,57,0
46,273,11,178,62,83,29,636,2
29,434,22,388,104,22,34,1004,2
99,321,11,309,33,26,34,734,2
26,212,123,177,15,64,23,614,2
30,909,12,278,0,12,242,1453,2
27,1184,32,352,21,16,16,1621,3
24,112,19,21,16,14,5,187,0
93,656,80,455,52,107,93,1443,3
34,23,0,8,6,2,18,57,0
88,537,6,42,16,6,30,637,2
96,712,0,45,0,0,191,948,2
10,23,1,13,2,2,18,59,0
26,1,3,4,2,2,6,18,0
49,664,58,83,32,0,66,903,2
11,6,10,21,19,14,42,112,0
44,299,5,201,21,21,49,596,2
75,99,13,66,43,8,4,233,0
64,749,40,294,121,160,147,1511,1
19,345,25,501,63,138,80,1152,1
45,9,4,18,7,5,5,48,0
77,440,81,368,0,122,174,1185,1
9,8,2,5,3,0,3,21,0
1,670,9,249,0,28,9,965,2
90,524,0,134,28,28,155,869,2
43,6,0,6,2,1,1,16,0
79,597,166,597,172,166,249,1947,1
19,7,0,12,13,7,32,71,0
99,54,0,7,0,0,4,65,0
62,445,25,706,80,76,48,1380,3
41,294,142,218,164,58,151,1027,1
60,292,3,77,10,3,26,411,0
17,412,22,132,59,28,183,836,2
24,8,0,3,0,0,0,11,0
60,349,4,78,6,0,43,480,0
57,328,9,124,12,24,109,606,2
74,144,2,99,7,2,30,284,0
22,1126,28,211,37,28,42,1472,3
46,967,0,617,43,50,0,1677,3
69,432,79,341,177,136,170,1335,1
29,138,39,63,55,18,21,334,0
37,0,0,1,7,4,6,18,0
26,509,133,497,78,24,97,1338,1
8,948,10,86,13,21,21,1099,2
26,39,2,25,4,3,24,97,0
79,28,1,21,3,0,10,63,0
71,13,11,24,13,8,40,109,0
83,307,26,360,138,31,40,902,2
57,901,31,345,75,31,191,1574,3
37,2,5,12,4,8,7,38,0
30,283,17,372,138,106,44,960,1
34,4,3,7,0,3,11,28,0
0,769,80,252,15,34,65,1215,2
89,518,42,742,55,56,84,1497,3
92,350,8,66,17,4,4,449,0
87,445,53,213,104,98,151,1064,1
20,778,178,689,41,27,44,1757,3
56,709,93,374,104,80,80,1440,1
28,359,35,314,93,116,89,1006,1
55,799,12,375,16,12,12,1226,2
25,895,10,101,13,0,152,1171,2
0,40,2,23,0,4,23,92,0
86,76,0,7,0,0,16,99,0
8,11,5,22,12,5,11,66,0
33,245,16,223,21,43,16,564,2
13,647,107,391,175,67,40,1427,1
12,39,1,9,2,1,34,86,0
92,203,35,305,46,17,227,833,2
90,138,3,38,4,0,59,242,0
8,587,51,898,247,0,86,1869,3
6,595,97,291,127,133,121,1364,1
91,43,12,23,29,15,61,183,0
52,301,7,74,10,0,58,450,0
3,180,32,348,76,32,90,758,2
57,794,115,243,150,0,205,1507,1
9,392,5,91,28,26,112,654,2
22,39,1,22,3,4,12,81,0
76,107,2,12,2,2,12,137,0
86,13,0,3,0,0,0,16,0
64,70,0,17,0,0,6,93,0
90,680,11,392,75,0,0,1158,3
79,26,1,11,0,1,4,43,0
28,522,0,522,227,120,134,1525,1
86,412,12,546,78,182,0,1230,3
42,6,5,5,8,0,5,29,0
39,2,3,6,4,1,9,25,0
8,1,3,8,2,5,5,24,0
40,6,2,15,6,6,3,38,0
5,4,12,5,3,16,17,57,0
96,18,2,19,0,2,6,47,0
28,324,48,186,39,18,198,813,2
22,327,9,125,25,4,139,629,2
30,229,27,71,13,3,34,377,0
45,521,168,706,80,76,61,1612,1
58,184,23,446,30,23,23,729,2
49,4,8,11,12,2,13,50,0
37,183,2,64,7,2,12,270,0
70,31,19,35,26,14,52,177,0
33,219,3,60,12,9,12,315,0
98,479,28,136,75,14,35,767,2
17,584,44,212,46,8,177,1071,2
54,627,91,597,159,91,15,1580,1
39,24,1,16,12,2,5,60,0
81,330,5,159,36,27,16,573,0
71,19,1,10,2,1,8,41,0
62,28,23,29,29,14,47,170,0
8,606,148,228,15,148,22,1167,1
76,1039,43,204,153,58,29,1526,3
66,411,0,26,0,0,21,458,0
83,34,1,19,2,7,0,63,0
28,161,28,136,32,3,45,405,0
87,623,53,178,23,17,133,1027,2
43,604,26,470,123,161,94,1478,1
0,3,10,8,3,16,32,72,0
1,12,2,17,6,1,10,48,0
1,184,174,256,50,30,32,726,1
72,393,0,239,90,69,69,860,2
72,410,73,747,76,161,30,1497,1
12,376,9,83,19,4,4,495,0
89,7,2,4,2,1,4,20,0
67,68,0,226,51,157,68,570,2
54,642,14,49,0,7,57,769,2
34,8,7,9,13,6,12,55,0
15,840,53,804,23,71,17,1808,3
43,7,10,13,3,11,11,55,0
0,464,5,64,7,0,37,577,2
74,30,3,47,19,21,42,162,0
61,1492,38,287,50,57,33,1957,3
51,752,122,476,39,153,34,1576,1
97,1279,15,287,20,0,15,1616,3
75,22,1,8,2,1,2,36,0
83,860,28,409,73,56,56,1482,3
23,3,0,5,13,0,1,22,0
65,10,5,28,11,1,8,63,0
94,351,16,156,7,5,145,680,2
42,421,5,90,0,16,10,542,0
10,2,5,7,0,18,18,50,0
94,25,1,9,2,1,1,39,0
50,336,123,274,46,123,141,1043,1
46,191,9,97,0,6,82,385,0
98,563,50,774,28,31,187,1633,3
42,31,0,6,0,1,8,46,0
30,479,5,82,7,17,171,761,2
11,18,6,15,12,8,17,76,0
61,91,65,52,10,44,28,290,0
12,5,7,24,19,14,20,89,0
76,2,14,28,16,3,7,70,0
2,362,50,431,134,35,54,1066,1
43,724,74,929,97,55,130,2009,3
27,605,91,399,0,45,205,1345,2
60,547,7,140,0,7,63,764,2
79,104,1,54,13,9,14,195,0
96,8,2,15,0,10,18,53,0
17,224,2,25,7,0,110,368,2
0,384,0,102,21,32,5,544,0
38,556,54,845,202,133,63,1853,1
43,24,0,2,0,0,9,35,0
1,408,0,21,0,0,17,446,0
25,265,199,303,234,9,170,1180,1
2,34,0,7,0,0,0,41,0
66,374,64,116,84,25,64,727,2
49,27,2,10,0,0,1,40,0
5,600,20,350,29,30,33,1062,2
71,13,2,18,6,1,0,40,0
35,167,2,89,0,0,34,292,0
94,0,2,3,4,1,5,15,0
80,46,35,69,84,41,66,341,2
61,88,39,78,58,13,93,369,2
29,243,11,119,10,3,15,401,0
0,275,11,68,25,7,7,393,0
80,6,0,4,0,0,0,10,0
54,121,62,90,68,20,125,486,2
71,4,12,15,19,7,12,69,0
27,1308,0,396,23,0,0,1727,3
61,515,47,267,62,66,38,995,2
55,4,0,16,17,4,4,45,0
35,48,13,57,24,15,25,182,0
34,562,58,168,43,16,142,989,2
95,769,22,500,210,143,33,1677,1
64,379,4,93,12,9,98,595,2
30,29,12,59,19,1,36,156,0
12,387,68,569,89,45,68,1226,3
96,12,23,38,30,18,7,128,0
16,6,10,12,3,15,40,86,0
16,27,1,14,4,1,21,68,0
78,9,1,5,0,0,1,16,0
83,22,0,19,6,5,3,55,0
96,899,102,838,133,102,40,2114,3
67,889,55,685,168,92,129,2018,1
87,189,2,55,0,5,12,263,0
34,48,0,2,0,0,5,55,0
46,230,14,156,82,24,58,564,2
7,852,60,207,78,36,48,1281,2
73,35,3,20,4,1,20,83,0
54,205,20,47,23,2,56,353,0
93,255,31,446,40,56,175,1003,2
52,0,0,1,8,3,2,14,0
53,437,8,206,160,49,42,902,2
81,825,8,53,11,0,242,1139,2
8,316,58,161,76,51,135,797,2
97,756,138,354,160,169,61,1638,1
50,194,55,134,15,0,3,401,0
38,7,17,18,6,10,26,84,0
61,183,33,493,59,103,57,928,3
46,171,0,11,0,1,20,203,0
73,243,101,405,29,40,40,858,2
19,181,21,69,39,3,96,409,2
10,151,7,89,0,7,28,282,0
94,494,92,391,194,11,241,1423,1
10,464,28,873,29,18,37,1449,3
37,5,1,5,10,0,7,28,0
94,29,0,29,0,5,4,67,0
23,102,9,49,24,3,12,199,0
75,604,28,674,91,28,28,1453,3
40,571,12,523,63,60,24,1253,3
24,953,0,71,0,0,174,1198,2
11,63,3,67,8,9,28,178,0
29,770,29,890,250,27,24,1990,3
51,398,61,265,138,61,53,976,1
86,741,19,154,50,9,28,1001,2
9,1478,19,403,0,19,0,1919,3
30,156,29,56,30,32,47,350,0
73,960,64,464,146,0,16,1650,3
25,38,0,2,0,0,6,46,0
67,315,26,473,220,12,182,1228,1
67,15,20,25,2,7,26,95,0
58,19,6,20,0,5,12,62,0
82,812,99,431,237,149,33,1761,1
98,73,28,217,10,24,115,467,2
93,372,23,384,250,12,108,1149,1
53,871,111,704,145,55,166,2052,1
66,375,152,335,93,91,81,1127,1
6,760,80,466,17,13,80,1416,3
42,471,0,510,99,21,12,1113,3
78,31,9,27,16,9,33,125,0
29,819,0,72,12,0,63,966,2
82,1,4,3,8,9,7,32,0
92,203,35,305,46,17,227,833,2
78,26,0,15,2,1,2,46,0
54,354,21,311,167,75,32,960,1
45,1253,0,447,23,71,35,1829,3
59,371,17,238,23,24,106,779,2
8,588,7,76,110,15,15,811,2
51,480,86,249,75,86,144,1120,1
51,517,12,54,16,6,120,725,2
76,267,98,606,48,70,98,1187,1
62,1111,24,790,160,45,172,2302,3
86,7,7,14,7,16,15,66,0
60,1166,0,48,0,0,36,1250,2
56,261,42,144,55,48,133,683,2
83,135,25,51,23,25,46,305,0
92,6,2,18,2,8,14,50,0
31,711,28,142,49,18,47,995,2
80,11,0,13,2,4,11,41,0
39,42,0,17,0,0,18,77,0
20,79,7,58,6,3,18,171,0
53,20,6,43,19,5,38,131,0
84,30,0,8,2,0,14,54,0
50,20,2,23,3,1,4,53,0
96,115,27,44,4,146,139,475,2
94,263,5,233,69,41,83,694,2
25,69,2,15,2,2,6,96,0
48,267,3,30,4,0,57,361,0
65,561,85,171,25,123,114,1079,1
69,492,0,37,7,0,42,578,2
12,14,7,9,6,16,12,64,0
84,80,4,46,0,17,2,149,0
47,97,12,84,13,10,15,231,0
87,197,107,227,7,59,131,728,2
35,693,21,925,31,24,84,1778,3
47,43,2,27,0,9,12,93,0
48,14,0,2,0,0,7,23,0
46,186,36,234,86,72,48,662,2
27,434,137,400,45,137,45,1198,1
37,59,0,11,4,2,5,81,0
8,16,5,30,8,7,26,92,0
29,230,35,75,63,57,31,491,2
85,829,138,430,60,92,15,1564,3
2,318,8,407,150,35,8,926,2
66,1206,55,445,168,18,18,1910,3
60,292,3,77,10,3,26,411,0
54,30,9,12,2,11,30,94,0
70,729,17,133,11,0,195,1085,2
55,12,1,3,0,0,7,23,0
20,2,1,1,1,0,1,6,0
78,22,3,18,0,0,11,54,0
63,587,43,337,42,87,54,1150,3
17,674,168,108,192,42,231,1415,1
43,284,3,84,4,7,23,405,0
13,1023,93,651,49,55,37,1908,3
46,1394,22,708,89,91,182,2486,3
65,311,26,640,180,37,121,1315,1
1,27,0,12,0,1,5,45,0
6,1296,17,311,45,69,51,1789,3
32,3,6,7,0,0,3,19,0
34,393,5,136,7,5,27,573,0
70,218,63,282,137,35,70,805,1
49,66,0,16,0,6,20,108,0
65,4,2,11,2,0,4,23,0
25,795,0,545,95,58,0,1493,3
84,15,10,19,8,17,20,89,0
7,384,25,292,130,41,64,936,2
34,244,8,32,7,2,50,343,0
38,158,19,288,25,0,38,528,0
1,1285,21,449,106,20,20,1901,3
25,349,16,144,28,5,182,724,2
25,4,12,11,3,13,15,58,0
50,223,2,31,0,2,39,297,0
46,157,43,127,68,56,37,488,2
96,397,46,288,20,38,70,859,2
57,901,31,345,75,31,191,1574,3
47,14,3,21,2,1,28,69,0
52,10,0,3,0,0,4,17,0
30,1230,0,396,232,178,158,2194,1
63,81,1,31,2,1,0,116,0
51,154,20,66,0,12,27,279,0
14,63,0,21,7,0,12,103,0
20,30,0,11,0,0,3,44,0
56,90,67,165,30,43,11,406,0
41,635,114,254,132,152,76,1363,1
72,127,4,73,15,6,11,236,0
1,13,3,6,6,5,6,39,0
27,18,42,24,15,20,18,137,0
77,45,2,26,4,1,1,79,0
87,38,1,24,0,0,0,63,0
81,986,36,168,16,0,108,1314,2
51,61,0,3,0,0,7,71,0
79,4,9,16,17,0,12,58,0
11,201,53,172,116,77,83,702,1
54,19,8,29,0,12,26,94,0
93,4,8,11,19,12,26,80,0
0,18,0,2,0,0,2,22,0
54,806,80,161,120,11,33,1211,3
21,380,98,733,110,112,28,1461,1
58,576,172,961,125,115,19,1968,1
3,458,81,356,106,50,40,1091,1
99,5,10,13,3,8,16,55,0
70,350,60,568,110,133,145,1366,1
65,39,33,130,41,26,44,313,0
44,26,1,16,2,2,15,62,0
6,68,0,16,0,0,8,92,0
9,45,3,9,4,4,7,72,0
95,359,0,134,13,26,123,655,2
70,403,24,29,6,24,218,704,2
92,34,1,14,0,0,5,54,0
62,73,18,66,7,12,2,178,0
85,292,30,415,63,33,200,1033,2
2,14,0,16,0,0,6,36,0
0,80,1,37,0,1,3,122,0
91,30,11,33,13,6,29,122,0
3,463,96,333,168,53,10,1123,1
68,75,12,141,43,39,187,497,2
98,538,13,91,17,6,26,691,2
41,635,114,254,132,152,76,1363,1
16,8,0,3,0,0,1,12,0
82,1315,22,780,145,0,178,2440,3
1,4,2,12,7,5,26,56,0
64,12,0,13,2,0,10,37,0
68,347,44,534,17,0,26,968,2
98,192,5,53,0,5,15,270,0
32,241,0,12,0,0,25,278,0
87,631,28,491,30,14,56,1250,3
84,336,28,282,184,54,54,938,1
3,1099,0,45,0,0,34,1178,2
34,743,19,181,12,0,200,1155,2
23,124,83,267,85,59,35,653,2
37,15,0,8,4,2,20,49,0
22,397,19,69,12,0,9,506,0
19,10,4,4,3,3,14,38,0
7,530,117,678,134,44,147,1650,1
52,1215,33,249,64,116,149,1826,3
91,3,2,7,0,4,2,18,0
93,444,44,382,11,8,17,906,2
78,26,0,15,2,1,2,46,0
23,736,114,279,82,76,190,1477,1
83,473,21,176,19,21,56,766,2
92,32,0,5,2,0,8,47,0
4,288,10,30,4,10,125,467,2
32,1050,178,555,77,138,118,2116,1
27,1001,44,107,58,44,44,1298,2
10,9,1,7,0,3,2,22,0
9,234,14,77,19,10,42,396,0
65,7,2,6,2,0,3,20,0
68,251,108,334,65,92,117,967,1
16,172,10,125,21,13,16,357,0
12,565,42,548,64,83,99,1401,3
95,5,0,8,2,0,0,15,0
16,918,57,842,99,38,133,2087,3
46,652,8,158,21,0,142,981,2
3,4,1,7,2,1,2,17,0
80,152,27,103,106,54,81,523,2
77,8,0,9,2,1,3,23,0
0,336,130,411,240,32,43,1192,1
62,938,19,843,25,95,38,1958,3
91,68,8,18,19,8,12,133,0
24,227,23,389,42,21,75,777,2
2,38,4,22,3,3,3,73,0
22,105,0,9,2,1,4,121,0
56,162,50,100,55,30,27,424,0
54,574,8,216,21,16,33,868,2
71,160,80,369,67,39,41,756,2
38,6,0,5,0,0,1,12,0
62,614,35,160,58,35,35,937,2
78,897,161,430,186,161,27,1862,1
18,70,54,109,80,9,45,367,0
95,120,19,206,25,19,54,443,0
66,211,2,30,7,7,10,267,0
28,11,0,16,7,6,21,61,0
78,760,53,400,17,93,0,1323,3
13,53,0,8,0,0,2,63,0
27,7,4,13,15,8,17,64,0
17,391,32,70,21,32,16,562,2
71,199,9,57,20,21,6,312,0
79,516,56,449,86,33,16,1156,3
1,709,45,115,30,160,45,1104,1
78,12,0,4,0,0,0,16,0
23,1000,19,711,125,115,38,2008,3
75,19,3,18,3,1,0,44,0
70,1224,28,140,0,14,168,1574,2
10,16,2,18,3,0,24,63,0
24,88,39,54,64,28,153,426,2
47,2,23,11,8,6,46,96,0
98,508,11,59,23,5,29,635,2
4,381,28,215,84,28,21,757,2
15,74,0,42,2,1,6,125,0
67,146,0,93,7,13,73,332,0
32,23,17,23,43,20,9,135,0
40,110,5,137,26,23,29,330,0
54,165,3,147,4,24,41,384,0
78,957,47,494,82,47,95,1722,3
94,41,0,17,3,1,16,78,0
51,1,3,4,2,3,11,24,0
42,176,29,818,0,33,112,1168,3
67,815,8,53,11,0,70,957,2
87,6,1,2,2,0,4,15,0
29,8,4,20,6,3,16,57,0
89,717,42,864,219,30,84,1956,3
74,1067,138,750,0,19,39,2013,3
97,166,5,107,11,8,29,326,0
63,29,4,34,2,4,4,77,0
88,714,76,395,116,0,12,1313,3
34,8,4,10,2,2,4,30,0
81,229,5,56,3,2,20,315,0
65,320,48,133,39,72,48,660,2
51,23,0,26,7,15,3,74,0
76,1,5,8,4,8,20,46,0
76,56,0,12,0,0,18,86,0
84,508,124,249,50,38,134,1103,1
56,29,0,25,2,2,3,61,0
31,46,7,59,2,4,27,145,0
0,454,0,171,8,19,32,684,2
91,350,3,39,0,0,19,411,0
40,10,0,8,0,0,9,27,0
59,735,40,183,52,20,30,1060,2
96,897,126,196,91,112,37,1459,1
61,5,2,3,3,0,5,18,0
14,777,35,731,39,137,114,1833,3
16,162,6,37,6,13,13,237,0
98,35,0,11,0,0,2,48,0
11,342,9,112,19,14,19,515,0
52,258,105,239,237,172,9,1020,1
19,658,80,483,123,13,13,1370,3
61,356,80,329,138,17,106,1026,1
73,213,5,28,7,7,41,301,0
0,454,0,171,8,19,32,684,2
74,457,4,29,0,0,9,499,0
55,241,45,604,34,26,54,1004,3
48,210,0,6,0,0,2,218,0
53,441,35,83,7,29,11,606,2
13,19,13,18,10,7,8,75,0
34,28,9,37,12,7,13,106,0
54,476,75,162,29,151,97,990,1
69,364,40,425,158,60,50,1097,1
81,0,0,2,3,3,8,16,0
99,0,6,3,7,6,12,34,0
3,863,83,547,86,99,33,1711,3
61,349,7,35,0,0,47,438,0
65,5,23,15,0,18,14,75,0
93,184,2,19,8,8,4,225,0
24,8,0,8,0,0,2,18,0
8,277,21,64,62,21,25,470,0
72,44,5,19,0,4,19,91,0
29,1156,120,915,94,144,96,2525,3
33,373,14,83,6,9,19,504,0
68,134,8,76,6,0,11,235,0
55,1148,0,60,0,0,24,1232,2
76,6,12,3,21,6,40,88,0
17,4,1,11,0,0,1,17,0
94,5,4,8,2,0,5,24,0
86,24,2,20,2,2,10,60,0
25,899,0,101,0,0,20,1020,2
22,108,1,28,13,1,4,155,0
15,27,2,7,0,2,13,51,0
35,816,66,549,216,66,99,1812,1
81,1298,0,70,37,14,42,1461,2
55,10,0,11,17,29,29,96,0
94,87,13,34,10,6,10,160,0
50,57,2,51,4,2,23,139,0
64,635,15,100,20,7,131,908,2
91,43,12,23,29,15,61,183,0
11,964,34,137,15,0,11,1161,2
72,572,8,259,34,35,80,988,2
6,341,142,113,259,151,66,1072,1
0,63,6,57,13,13,22,174,0
66,221,104,169,102,78,84,758,1
42,140,3,29,4,5,14,195,0
60,1,2,8,4,3,13,31,0
64,291,10,689,84,10,0,1084,3
87,544,13,85,8,6,29,685,2
96,684,100,801,21,66,0,1672,3
1,1,12,9,0,14,7,43,0
54,35,0,4,0,0,10,49,0
53,87,3,25,3,2,13,133,0
96,309,3,24,4,3,20,363,0
58,172,73,93,95,78,34,545,2
12,625,38,242,50,34,76,1065,2
78,972,59,913,25,19,59,2047,3
64,157,6,39,6,13,75,296,0
26,48,9,45,3,15,20,140,0
8,279,83,88,32,14,34,530,2
49,132,0,16,0,0,4,152,0
56,919,0,505,99,30,45,1598,3
55,62,0,22,3,1,26,114,0
25,1,45,3,4,6,42,101,0
50,2,6,4,3,1,9,25,0
84,408,61,109,48,122,41,789,2
30,51,1,7,2,1,25,87,0
81,62,1,16,3,2,6,90,0
74,952,12,180,47,12,12,1215,2
76,618,15,106,20,7,45,811,2
36,11,7,12,2,2,27,61,0
64,318,3,17,4,7,56,405,0
62,56,0,14,0,0,2,72,0
53,110,5,59,7,1,7,189,0
86,23,0,11,2,1,3,40,0
15,27,5,8,8,3,12,63,0
67,18,3,19,3,3,6,52,0
47,18,0,9,0,1,11,39,0
47,303,0,280,60,147,15,805,2
81,97,1,19,2,0,11,130,0
98,997,15,414,99,30,76,1631,3
56,5,4,13,8,0,4,34,0
48,95,11,35,0,4,7,152,0
18,1,6,2,3,6,3,21,0
74,46,1,12,3,0,9,71,0
68,411,106,147,54,115,66,899,1
36,244,51,270,101,0,45,711,2
90,152,9,121,12,12,45,351,0
65,1,1,3,1,1,1,8,0
63,10,17,18,8,26,40,119,0
82,12,0,5,0,0,4,21,0
63,5,0,4,0,0,1,10,0
55,790,19,133,12,0,19,973,2
64,882,29,514,38,29,44,1536,3
51,615,28,259,12,48,30,992,2
97,1004,59,265,115,59,27,1529,3
92,133,27,421,13,195,71,860,1
51,595,23,123,10,23,154,928,2
72,293,0,87,4,11,23,418,0
39,313,15,47,20,0,192,587,2
49,151,81,86,168,91,64,641,1
21,15,0,2,0,0,6,23,0
91,736,63,946,219,189,126,2279,1
37,15,0,8,4,2,20,49,0
98,982,17,672,23,34,51,1779,3
85,1142,51,415,90,69,37,1804,3
40,28,0,11,0,0,9,48,0
2,46,0,12,0,2,23,83,0
78,897,161,430,186,161,27,1862,1
41,489,6,152,8,6,132,793,2
94,25,4,9,6,8,32,84,0
10,145,1,33,2,1,1,183,0
73,630,26,611,44,18,54,1383,3
22,760,38,104,50,9,38,999,2
30,420,15,186,151,38,15,825,2
21,125,17,52,3,19,30,246,0
51,464,5,64,7,0,70,610,2
97,6,6,29,12,15,8,76,0
56,1090,12,96,16,12,60,1286,2
4,3,2,11,2,2,10,30,0
77,24,0,27,8,30,10,99,0
95,737,21,106,55,63,210,1192,2
36,254,6,71,4,0,27,362,0
13,817,185,687,145,55,241,2130,1
90,620,54,239,99,98,119,1229,1
49,13,4,20,0,0,1,38,0
18,113,61,204,34,26,47,485,2
89,7,23,78,133,49,144,434,2
43,16,2,18,2,1,5,44,0
82,462,0,24,6,0,4,496,0
84,22,2,10,6,4,34,78,0
80,968,147,842,137,42,210,2346,1
68,283,112,151,51,72,125,794,1
12,1,2,5,6,0,3,17,0
75,14,1,7,2,1,1,26,0
10,30,5,24,6,3,8,76,0
91,4,0,5,0,1,5,15,0
21,52,0,9,0,0,1,62,0
28,62,1,57,19,11,48,198,0
97,20,2,14,3,0,10,49,0
49,545,7,114,37,21,78,802,2
14,558,79,622,207,175,95,1736,1
5,6,5,4,13,4,25,57,0
37,39,1,9,2,0,8,59,0
62,1111,24,790,160,45,172,2302,3
83,4,6,8,6,3,10,37,0
48,183,5,65,3,5,49,310,0
94,546,72,376,94,145,72,1305,1
61,606,7,155,10,0,54,832,2
70,266,6,51,8,6,64,401,0
43,1142,29,249,38,29,14,1501,3
23,1074,0,69,0,0,46,1189,2
37,771,51,154,54,10,154,1194,2
50,371,32,189,0,58,6,656,2
78,556,14,717,210,0,43,1540,3
74,202,5,74,11,5,14,311,0
14,209,162,209,41,162,37,820,1
77,35,40,111,36,40,12,274,0
39,37,0,17,0,0,3,57,0
89,171,45,73,59,10,90,448,2
62,12,2,20,3,2,5,44,0
59,44,4,21,6,0,27,102,0
68,20,2,9,4,6,20,61,0
13,779,86,537,34,69,138,1643,3
37,170,6,97,24,12,88,397,2
36,491,48,231,112,105,134,1121,1
28,173,8,107,7,2,176,473,2
2,7,10,13,16,0,4,50,0
17,1205,0,235,19,14,205,1678,2
86,10,7,25,6,3,7,58,0
54,97,4,44,6,1,18,170,0
2,67,11,26,4,3,262,373,2
3,345,53,528,98,75,97,1196,1
84,6,5,17,3,24,46,101,0
8,73,57,100,71,15,0,316,0
4,711,36,217,172,96,168,1400,1
57,774,70,118,182,187,93,1424,1
24,163,0,480,0,126,75,844,2
51,82,33,54,71,30,41,311,0
29,358,108,413,141,97,32,1149,1
13,66,2,40,4,3,14,129,0
23,13,6,7,0,3,3,32,0
36,139,13,78,20,13,36,299,0
88,274,0,21,4,6,15,320,0
2,262,6,61,0,10,102,441,2
3,1099,0,45,0,0,34,1178,2
15,32,0,8,23,4,18,85,0
58,2,4,2,0,11,5,24,0
11,6,10,21,19,14,42,112,0
27,6,7,4,3,4,6,30,0
32,135,46,92,65,61,11,410,0
12,641,7,84,0,30,38,800,2
88,714,76,395,116,0,12,1313,3
91,794,73,573,0,29,14,1483,3
12,420,0,452,182,64,140,1258,1
21,1,2,7,4,3,11,28,0
23,86,12,75,33,15,6,227,0
10,823,25,459,124,29,95,1555,3
35,231,161,215,171,30,53,861,1
69,8,15,27,0,20,33,103,0
68,182,17,259,77,70,29,634,2
85,557,129,984,193,37,18,1918,3
34,79,1,31,4,4,12,131,0
55,368,24,68,38,0,88,586,2
10,6,4,14,8,8,22,62,0
30,160,15,196,15,11,50,447,0
36,488,21,238,56,108,28,939,2
14,691,7,69,0,7,23,797,2
79,543,10,205,160,143,82,1143,1
52,254,7,108,20,0,26,415,0
97,5,4,10,2,2,7,30,0
24,112,19,21,16,14,5,187,0
0,134,11,59,15,2,30,251,0
96,143,6,52,11,8,17,237,0
89,51,4,24,4,7,1,91,0
94,27,0,5,0,0,3,35,0
98,459,0,24,6,0,4,493,0
72,689,8,167,11,8,88,971,2
1,283,10,38,0,13,27,371,0
26,347,0,35,4,3,7,396,0
5,5,13,14,0,5,31,68,0
22,280,0,18,0,0,24,322,0
39,187,5,65,26,20,14,317,0
56,95,14,64,2,9,38,222,0
74,84,10,34,11,10,28,177,0
87,19,4,12,2,2,6,45,0
49,5,1,9,2,0,4,21,0
24,18,3,17,3,0,4,45,0
9,992,24,694,51,19,119,1899,3
17,25,1,13,0,0,3,42,0
10,9,1,7,0,3,2,22,0
35,19,1,17,2,0,2,41,0
56,709,93,374,104,80,80,1440,1
7,158,0,76,13,7,71,325,0
51,10,14,29,4,2,36,95,0
17,25,1,13,0,0,3,42,0
30,8,4,12,15,4,29,72,0
21,14,0,6,0,0,0,20,0
2,622,7,115,30,0,15,789,2
85,11,0,3,0,0,1,15,0
65,25,3,16,8,5,2,59,0
64,635,15,100,20,7,131,908,2
11,100,64,79,65,0,109,417,2
92,201,2,43,3,5,35,289,0
54,642,14,49,0,7,57,769,2
4,97,1,41,6,2,41,188,0
53,204,5,39,17,0,89,354,0
39,513,7,133,46,14,14,727,2
49,88,3,21,4,1,29,146,0
70,172,12,112,8,0,15,319,0
40,329,35,222,130,35,43,794,2
40,296,13,104,11,13,17,454,0
43,100,2,16,2,1,31,152,0
17,422,7,238,69,46,15,797,2
40,1218,16,272,104,0,80,1690,3
84,5,1,7,2,1,4,20,0
25,507,93,520,242,40,26,1428,1
62,52,12,50,4,36,55,209,0
83,191,56,139,51,8,100,545,2
47,2,23,11,8,6,46,96,0
45,68,28,39,16,30,41,222,0
34,20,4,10,6,4,17,61,0
3,20,3,16,0,4,1,44,0
1,7,0,1,0,0,0,8,0
18,279,172,74,38,8,246,817,1
45,977,12,253,16,12,101,1371,2
81,30,1,8,0,0,3,42,0
77,6,1,7,23,4,19,60,0
23,3,18,26,11,8,12,78,0
48,14,0,2,0,0,7,23,0
61,10,1,7,0,0,1,19,0
60,7,10,17,8,6,13,61,0
75,33,87,64,175,16,74,449,1
64,12,0,13,2,0,10,37,0
54,2,3,10,11,2,10,38,0
84,693,21,118,110,147,42,1131,1
75,9,3,15,2,3,2,34,0
16,129,26,67,3,67,2,294,0
79,16,2,11,3,0,16,48,0
92,201,2,43,3,5,35,289,0
16,5,4,5,4,2,10,30,0
96,14,36,11,3,26,35,125,0
30,29,12,59,19,1,36,156,0
60,26,2,19,10,5,8,70,0
11,9,1,4,3,2,3,22,0
75,14,0,23,4,5,19,65,0
36,972,19,595,180,26,138,1930,3
71,966,168,672,246,105,126,2283,1
88,99,27,102,28,48,6,310,0
93,482,35,553,72,160,17,1319,3
93,714,8,99,11,0,47,879,2
54,587,54,348,71,54,130,1244,3
41,399,27,159,58,8,39,690,2
46,56,10,92,19,7,25,209,0
28,227,151,573,98,54,31,1134,1
40,703,102,601,0,58,43,1507,3
82,37,0,17,0,0,3,57,0
38,167,13,180,86,13,70,529,2
3,458,81,356,106,50,40,1091,1
87,91,3,52,2,1,31,180,0
49,15,8,16,11,5,22,77,0
16,1302,68,731,89,114,45,2349,3
65,153,64,123,116,64,14,534,2
9,508,5,21,7,5,10,556,0
24,290,59,177,77,5,29,637,2
25,38,0,2,0,0,6,46,0
43,2,13,6,7,5,11,44,0
10,30,0,10,2,0,5,47,0
29,386,23,95,54,41,196,795,2
45,443,10,75,0,10,48,586,2
57,901,31,345,75,31,191,1574,3
20,9,0,3,0,0,1,13,0
29,846,84,352,91,56,42,1471,3
82,8,3,9,19,4,22,65,0
68,72,7,58,13,1,24,175,0
65,29,0,5,0,1,5,40,0
99,169,24,553,188,0,144,1078,1
9,460,35,422,33,12,153,1115,2
20,69,8,26,12,7,12,134,0
78,556,14,717,210,0,43,1540,3
26,73,0,13,0,1,0,87,0
68,112,1,54,7,7,36,217,0
79,944,0,60,0,0,30,1034,2
25,265,199,303,234,9,170,1180,1
83,526,28,135,10,21,99,819,2
32,2,3,12,3,5,7,32,0
49,2,4,9,10,5,16,46,0
50,378,97,259,197,194,34,1159,1
84,553,25,142,65,67,8,860,2
96,751,127,687,20,15,31,1631,3
56,406,0,30,0,0,8,444,0
85,1449,89,161,69,35,107,1910,3
63,123,17,171,39,0,30,380,0
17,267,42,309,55,42,21,736,2
11,209,0,40,3,2,15,269,0
62,1259,172,815,97,148,33,2524,1
48,344,35,178,15,23,17,612,2
86,22,3,30,0,5,15,75,0
73,247,161,295,210,85,47,1045,1
36,38,0,12,3,1,1,55,0
34,896,10,101,13,10,34,1064,2
16,931,56,253,91,98,14,1443,3
48,758,12,385,33,89,89,1366,3
61,216,9,57,20,9,125,436,2
54,2,3,10,11,2,10,38,0
56,244,15,108,4,15,50,436,0
74,539,6,91,8,6,97,747,2
35,1181,26,120,17,13,39,1396,2
65,750,8,125,11,8,26,928,2
48,306,5,109,21,109,92,642,2
88,350,104,189,197,151,57,1048,1
19,331,197,170,58,152,35,943,1
21,620,16,165,0,24,82,907,2
27,434,137,400,45,137,45,1198,1
86,57,0,27,0,0,36,120,0
92,811,76,428,99,137,107,1658,1
1,423,42,706,73,197,197,1638,1
14,2,12,10,6,13,30,73,0
74,60,51,87,6,20,51,275,0
84,675,0,85,10,7,77,854,2
4,30,8,12,8,8,12,78,0
50,40,1,40,4,3,18,106,0
2,3,17,26,20,1,39,106,0
73,910,111,724,49,74,55,1923,3
21,252,98,827,219,70,196,1662,1
82,34,6,21,11,4,8,84,0
14,19,3,19,3,1,3,48,0
56,2,1,1,0,0,1,5,0
20,490,0,184,10,28,21,733,2
54,332,194,377,149,125,57,1234,1
77,53,8,17,13,0,21,112,0
5,784,48,560,42,176,48,1658,3
65,7,11,3,10,4,20,55,0
33,1171,43,219,19,14,47,1513,3
65,215,7,33,3,0,13,271,0
41,674,62,134,0,26,8,904,2
86,57,0,27,0,0,36,120,0
92,5,36,7,0,10,45,103,0
97,104,20,101,24,15,5,269,0
91,9,0,7,2,0,4,22,0
0,431,82,441,80,20,102,1156,2
59,1000,0,76,0,0,10,1086,2
4,448,40,469,80,0,91,1128,2
5,33,4,24,4,2,5,72,0
48,505,72,270,36,27,54,964,2
99,267,38,701,149,165,63,1383,1
81,14,0,3,0,0,1,18,0
95,631,0,115,10,7,30,793,2
43,65,4,16,0,4,11,100,0
5,10,12,12,25,1,20,80,0
50,51,4,50,12,1,49,167,0
76,293,35,179,46,59,65,677,2
46,11,1,2,2,1,6,23,0
68,50,1,27,6,7,1,92,0
33,173,26,255,35,71,81,641,2
50,423,184,368,13,97,21,1106,1
85,292,30,415,63,33,200,1033,2
63,757,80,217,29,80,11,1174,3
89,12,1,6,0,1,5,25,0
81,167,2,44,6,2,19,240,0
77,3,1,3,8,0,5,20,0
50,30,5,22,8,9,28,102,0
10,532,88,168,69,44,133,1034,2
30,29,12,59,19,1,36,156,0
66,411,0,26,0,0,21,458,0
16,5,3,4,4,1,0,17,0
12,71,99,278,185,121,38,792,1
30,46,0,40,3,0,3,92,0
8,268,11,88,15,3,22,407,0
93,928,63,254,0,12,12,1269,3
14,459,15,171,142,23,31,841,2
53,483,0,108,0,6,36,633,2
26,733,9,180,12,19,66,1019,2
23,1006,22,115,59,68,45,1315,2
92,34,1,14,0,0,5,54,0
29,1156,120,915,94,144,96,2525,3
41,7,4,23,7,0,11,52,0
56,244,15,108,4,15,50,436,0
19,233,0,23,0,0,12,268,0
4,35,3,67,10,8,24,147,0
89,1252,0,465,46,35,0,1798,3
71,34,4,66,3,10,20,137,0
81,255,43,134,37,14,24,507,0
31,8,1,5,0,0,1,15,0
53,368,32,639,13,43,10,1105,3
78,255,47,573,52,32,15,974,3
80,33,8,10,2,10,3,66,0
18,163,23,424,27,65,76,778,2
37,15,0,8,4,2,20,49,0
52,45,12,52,25,22,13,169,0
39,48,58,68,16,66,43,299,0
11,158,6,45,8,2,2,221,0
33,754,160,625,63,32,48,1682,3
22,108,1,28,13,1,4,155,0
83,199,66,315,97,174,41,892,1
43,2,7,5,2,15,27,58,0
74,202,5,74,11,5,14,311,0
54,85,0,3,0,0,7,95,0
3,322,3,50,4,3,42,424,0
96,18,2,19,0,2,6,47,0
68,141,8,129,3,11,47,339,0
2,739,107,309,140,80,35,1410,1
40,18,0,6,3,3,5,35,0
64,378,0,88,19,4,73,562,2
26,1083,108,649,253,151,108,2352,1
69,1016,12,215,16,12,63,1334,2
57,23,1,6,0,0,2,32,0
78,12,1,21,2,2,3,41,0
71,35,0,4,0,0,0,39,0
59,548,31,422,0,112,28,1141,3
28,342,32,230,34,32,40,710,2
61,365,3,15,4,3,11,401,0
22,397,19,69,12,0,9,506,0
95,456,19,832,75,118,38,1538,3
38,5,6,15,11,7,13,57,0
19,836,185,575,24,25,77,1722,3
92,100,2,128,23,7,10,270,0
24,10,0,10,3,1,7,31,0
21,238,115,215,169,69,76,882,1
35,6,0,5,2,1,2,16,0
9,158,11,99,15,11,17,311,0
23,86,12,75,33,15,6,227,0
92,856,0,76,12,9,199,1152,2
55,98,1,17,0,1,5,122,0
14,4,16,20,0,17,20,77,0
78,398,96,447,220,96,32,1289,1
64,313,8,104,6,4,126,561,2
49,109,18,16,24,26,18,211,0
8,216,2,6,0,0,9,233,0
35,595,71,153,120,112,41,1092,1
11,123,133,142,71,44,88,601,1
8,16,0,23,3,2,10,54,0
53,11,12,35,3,5,12,78,0
36,410,112,420,0,82,71,1095,1
64,159,2,51,6,2,24,244,0
43,105,0,10,0,1,0,116,0
40,5,1,8,0,0,1,15,0
52,269,15,69,15,19,38,425,0
11,629,0,70,0,0,35,734,2
21,443,5,71,21,16,82,638,2
23,217,77,373,111,23,93,894,1
17,24,1,10,2,0,4,41,0
6,9,1,5,4,5,7,31,0
56,8,0,14,2,3,7,34,0
71,1459,0,61,0,15,215,1750,2
51,230,48,214,13,32,75,612,2
94,1,3,6,10,0,9,29,0
27,340,21,134,258,14,56,823,1
1,7,1,6,0,3,3,20,0
56,298,7,68,4,0,19,396,0
71,479,35,179,28,7,85,813,2
18,267,140,599,34,12,127,1179,1
48,67,4,32,17,2,16,138,0
86,3,1,8,23,2,18,55,0
48,980,37,265,35,163,31,1511,3
2,50,4,28,6,3,26,117,0
13,1,0,1725,2,1,1,1730,3
57,19,0,5,0,0,8,32,0
77,30,5,23,4,1,4,67,0
0,213,9,76,4,3,30,335,0
57,539,30,92,80,46,38,825,2
24,284,16,160,84,16,134,694,2
55,1003,34,536,134,51,34,1792,3
62,239,13,143,45,4,52,496,2
89,51,23,82,33,0,42,231,0
77,527,24,230,32,24,65,902,2
45,19,5,12,10,3,19,68,0
46,40,2,15,8,0,6,71,0
80,21,8,20,15,3,9,76,0
60,593,30,91,29,22,7,772,2
71,21,5,3,10,1,7,47,0
43,1181,107,199,39,30,30,1586,3
97,1004,59,265,115,59,27,1529,3
49,202,2,46,3,2,10,265,0
66,446,107,768,33,196,53,1603,1
20,1184,102,673,52,40,40,2091,3
54,390,22,323,104,35,107,981,2
61,726,53,363,123,107,161,1533,1
18,8,8,22,24,11,9,82,0
45,50,15,110,39,15,15,244,0
26,1,1,4,11,9,10,36,0
0,308,0,73,0,0,23,404,0
28,22,2,31,7,4,5,71,0
49,690,117,499,76,102,88,1572,1
84,43,5,28,7,6,33,122,0
38,27,0,10,0,0,4,41,0
53,6,0,3,0,0,1,10,0
88,205,7,41,3,2,46,304,0
99,24,0,8,0,1,4,37,0
12,667,50,850,21,83,83,1754,3
35,691,7,61,10,0,46,815,2
5,493,26,206,116,80,80,1001,2
77,493,70,324,146,40,84,1157,1
45,494,5,82,7,0,100,688,2
71,621,73,414,78,48,85,1319,3
40,9,0,5,0,0,7,21,0
82,1,6,2,8,2,12,31,0
70,12,4,19,12,6,14,67,0
87,243,131,217,85,6,26,708,2
95,11,1,4,2,0,7,25,0
72,532,21,127,26,20,20,746,2
5,29,0,2,0,0,1,32,0
86,612,91,520,258,107,107,1695,1
80,387,126,342,0,45,180,1080,1
62,56,0,14,0,0,2,72,0
49,6,8,19,16,4,4,57,0
85,582,0,65,0,0,13,660,0
7,6,17,16,6,16,42,103,0
6,70,6,69,2,3,3,153,0
25,962,12,194,16,24,12,1220,2
55,112,10,107,30,0,20,279,0
81,293,0,124,179,97,52,745,1
98,199,12,31,3,12,7,264,0
31,1060,61,835,80,20,101,2157,3
30,940,44,396,0,88,58,1526,3
98,44,2,11,2,3,7,69,0
92,342,51,936,207,35,26,1597,3
41,2,10,11,12,9,20,64,0
68,75,12,141,43,39,187,497,2
78,520,20,367,39,81,40,1067,3
46,5,3,9,6,2,6,31,0
71,87,5,71,7,12,29,211,0
6,462,61,184,10,53,107,877,2
82,2,2,1,3,1,2,11,0
71,979,44,935,29,25,22,2034,3
32,704,129,853,120,74,111,1991,1
28,861,31,558,62,95,79,1686,3
20,172,3,115,16,0,18,324,0
10,5,7,31,15,4,7,69,0
7,194,2,56,0,0,0,252,0
67,9,7,13,3,2,20,54,0
48,505,72,270,36,27,54,964,2
61,533,10,217,198,174,195,1327,1
36,48,0,14,0,0,6,68,0
77,6,1,7,23,4,19,60,0
90,18,2,10,0,0,25,55,0
35,482,147,509,104,107,107,1456,1
38,204,97,97,21,118,26,563,2
46,1073,0,250,153,14,14,1504,3
33,245,16,223,21,43,16,564,2
70,560,21,442,29,44,29,1125,3
51,173,13,131,32,3,6,358,0
18,22,1,11,0,5,3,42,0
97,136,1,12,0,3,32,184,0
32,275,0,86,10,23,66,460,2
9,56,19,29,2,14,25,145,0
6,303,23,751,82,26,191,1376,3
80,708,7,62,0,0,15,792,2
74,324,132,693,27,118,88,1382,1
49,1,5,3,7,4,8,28,0
21,620,26,195,34,17,141,1033,2
95,312,21,206,102,92,149,882,1
56,1493,86,454,112,43,43,2231,3
48,918,21,118,13,10,21,1101,2
26,98,0,106,49,10,106,369,2
3,3,4,7,15,8,11,48,0
39,380,0,47,6,0,34,467,0
33,15,0,12,7,3,7,44,0
42,3,9,4,7,8,7,38,0
80,24,2,23,0,8,24,81,0
9,80,1,60,4,6,16,167,0
52,31,0,6,2,1,5,45,0
78,138,120,204,16,126,60,664,1
68,166,75,96,119,107,59,622,1
45,12,3,8,8,0,17,48,0
47,178,3,85,71,66,58,461,2
34,707,20,171,65,60,50,1073,2
81,5,1,7,17,14,11,55,0
72,465,71,250,93,35,62,976,2
23,16,1,2,0,0,1,20,0
29,358,108,413,141,97,32,1149,1
80,1,9,7,2,14,10,43,0
30,123,1,26,2,0,72,224,0
15,40,3,30,10,7,11,101,0
86,102,9,63,2,9,24,209,0
68,347,44,534,17,0,26,968,2
54,376,53,462,168,53,53,1165,1
44,21,0,3,0,0,0,24,0
7,194,2,56,0,0,0,252,0
87,64,4,68,7,5,17,165,0
59,206,0,46,3,2,12,269,0
16,71,0,18,0,0,13,102,0
1,71,22,112,138,89,29,461,2
64,0,4,7,11,10,15,47,0
72,93,1,21,0,4,25,144,0
98,920,138,168,36,46,30,1338,3
91,653,17,170,34,26,17,917,2
8,199,33,60,8,3,15,318,0
20,153,4,56,0,9,31,253,0
6,376,0,38,11,8,69,502,2
54,46,0,30,12,1,30,119,0
72,600,21,128,223,150,128,1250,1
46,425,115,292,23,35,79,969,2
11,18,6,15,12,8,17,76,0
21,52,0,9,0,0,1,62,0
89,734,22,350,151,25,100,1382,3
82,34,6,21,11,4,8,84,0
69,135,1,41,10,1,67,255,0
55,11,0,10,0,2,20,43,0
13,163,48,90,0,45,52,398,2
80,29,3,30,3,2,9,76,0
97,734,26,70,11,44,17,902,2
27,340,21,134,258,14,56,823,1
99,453,38,279,188,38,183,1179,1
87,1073,0,629,145,37,37,1921,3
85,135,0,10,0,4,36,185,0
30,231,7,137,4,15,39,433,0
82,18,0,5,0,0,11,34,0
21,620,16,165,0,24,82,907,2
92,81,4,33,5,2,291,416,2
95,12,4,2,10,6,10,44,0
2,292,51,981,224,23,17,1588,3
74,965,34,586,89,86,37,1797,3
49,27,2,10,0,0,1,40,0
71,777,30,163,0,51,122,1143,2
72,572,8,232,23,62,17,914,2
68,438,169,565,91,169,70,1502,1
4,531,69,300,150,138,150,1338,1
80,17,0,9,0,0,1,27,0
15,402,35,106,101,77,42,763,2
70,503,27,419,90,139,153,1331,1
91,369,9,87,12,14,34,525,0
10,5,0,3,0,0,1,9,0
99,362,17,398,80,35,61,953,2
25,56,0,9,0,0,3,68,0
34,79,1,31,4,4,12,131,0
57,387,84,141,73,35,162,882,2
84,367,17,241,104,188,232,1149,1
51,15,0,11,0,2,9,37,0
97,267,6,54,8,3,50,388,0
13,298,27,697,216,24,166,1428,1
92,674,92,736,39,0,92,1633,3
30,16,14,36,37,22,48,173,0
30,37,4,24,16,9,9,99,0
11,159,0,22,2,1,31,215,0
72,686,17,142,23,26,35,929,2
39,97,3,66,12,7,34,219,0
0,63,6,57,13,13,22,174,0
15,56,5,24,4,0,3,92,0
12,209,19,456,160,142,66,1052,1
56,198,2,43,0,12,20,275,0
39,313,15,47,20,0,192,587,2
55,941,14,397,76,58,176,1662,3
60,86,4,56,2,4,7,159,0
73,167,48,602,63,72,72,1024,3
90,8,3,19,0,2,3,35,0
86,389,66,408,37,57,85,1042,2
37,239,7,119,4,15,11,395,0
7,179,21,273,0,21,63,557,2
29,5,0,1,1,1,1,9,0
19,2,6,28,13,4,16,69,0
14,383,0,53,6,4,40,486,0
72,2,8,8,6,1,9,34,0
56,536,27,590,38,107,67,1365,3
85,2,1,4,3,1,2,13,0
62,322,53,899,34,40,53,1401,3
1,539,169,816,20,0,30,1574,3
28,712,50,420,65,38,38,1323,3
70,1121,0,72,0,12,12,1217,2
84,68,1,13,3,5,13,103,0
89,36,4,18,6,2,18,84,0
73,707,44,603,95,58,29,1536,3
42,174,77,203,6,24,97,581,2
16,666,35,124,69,8,26,928,2
16,0,0,0,6,2,6,14,0
56,162,50,100,55,30,27,424,0
65,407,70,239,103,88,53,960,1
10,823,25,459,124,29,95,1555,3
13,488,23,71,15,0,59,656,2
78,28,0,13,4,2,8,55,0
51,3,2,10,3,0,2,20,0
27,284,0,52,8,3,20,367,0
30,938,142,754,159,81,183,2257,1
71,13,2,15,2,2,8,42,0
97,412,172,153,150,105,57,1049,1
83,31,1,8,0,0,8,48,0
3,502,19,132,0,6,26,685,2
71,18,10,3,3,5,0,39,0
3,1,8,6,4,8,16,43,0
15,100,71,243,108,94,219,835,1
52,407,114,445,181,165,203,1515,1
8,664,9,240,50,19,57,1039,2
89,1045,61,338,60,46,46,1596,3
66,1218,107,304,23,143,33,1828,3
22,15,0,6,0,1,12,34,0
56,128,0,16,0,1,4,149,0
74,581,49,157,43,8,108,946,2
48,6,3,12,6,1,0,28,0
67,185,8,133,56,56,12,450,0
24,22,1,9,0,0,14,46,0
67,584,100,835,65,83,35,1702,3
38,355,30,177,90,138,30,820,1
86,175,10,110,54,6,27,382,0
90,864,134,768,150,38,172,2126,1
87,957,153,612,99,95,153,2069,1
62,25,6,16,20,0,5,72,0
23,641,7,56,0,0,28,732,2
99,273,86,208,177,14,43,801,1
29,122,21,43,25,10,15,236,0
52,1,4,10,29,0,36,80,0
90,1020,31,430,62,63,79,1685,3
9,6,2,3,1,262,3,277,2
71,378,14,68,19,14,14,507,0
13,42,1,18,3,0,4,68,0
16,15,5,14,0,4,11,49,0
94,272,7,80,20,7,11,397,0
77,9,1,24,2,1,2,39,0
20,279,0,18,0,0,9,306,0
51,398,61,265,138,61,53,976,1
81,637,47,237,12,19,76,1028,2
71,45,0,16,2,1,6,70,0
36,21,1,9,7,3,5,46,0
95,15,4,13,0,0,19,51,0
32,493,183,352,184,23,28,1263,1
32,957,40,175,158,53,107,1490,1
85,829,138,430,60,92,15,1564,3
93,1017,50,500,65,50,133,1815,3
24,953,0,71,0,0,174,1198,2
44,159,0,120,0,0,137,416,2
15,32,0,8,23,4,18,85,0
82,23,0,15,0,2,7,47,0
27,18,42,24,15,20,18,137,0
72,15,0,4,0,0,2,21,0
7,23,4,5,10,5,23,70,0
57,200,193,100,46,185,185,909,1
84,1324,27,119,71,108,27,1676,3
53,1193,33,281,129,66,33,1735,3
48,505,137,401,104,22,22,1191,1
2,2,4,9,0,4,5,24,0
65,1103,0,45,0,0,34,1182,2
45,353,61,753,40,46,27,1280,3
42,652,48,350,94,84,108,1336,1
29,379,6,157,25,91,91,749,2
83,46,4,36,2,2,1,91,0
93,162,31,127,8,17,69,414,0
40,8,3,19,3,3,8,44,0
47,17,3,18,3,4,18,63,0
50,340,108,185,130,38,100,901,1
40,8,4,15,3,5,3,38,0
3,154,22,202,39,30,8,455,0
62,710,15,30,20,0,0,775,2
25,8,2,4,0,0,1,15,0
48,2,2,4,13,13,4,38,0
56,1050,14,322,0,14,112,1512,2
68,19,1,14,3,2,4,43,0
64,22,0,6,6,2,6,42,0
67,274,83,216,151,141,224,1089,1
94,68,6,38,3,6,41,162,0
82,344,45,654,104,11,114,1272,3
3,145,193,459,205,26,145,1173,1
24,217,38,350,111,85,15,816,1
54,18,7,34,10,2,3,74,0
20,69,8,26,12,7,12,134,0
96,144,0,7,0,0,6,157,0
19,256,34,103,90,29,49,561,2
60,483,72,567,94,12,108,1336,3
2,1285,105,653,28,21,0,2092,3
13,338,4,89,11,8,13,463,0
37,605,10,345,84,54,32,1130,2
59,8,0,7,3,1,1,20,0
55,172,41,86,45,6,27,377,0
60,448,71,951,40,17,17,1544,3
48,67,4,32,17,2,16,138,0
38,512,53,98,81,179,89,1012,1
8,1462,16,128,0,0,160,1766,2
19,20,0,14,7,3,1,45,0
32,50,4,44,10,10,43,161,0
27,102,1,15,2,0,24,144,0
58,499,149,815,173,49,49,1734,1
59,381,35,172,56,86,93,823,2
29,631,43,239,128,76,21,1138,3
60,526,80,553,123,94,53,1429,1
41,913,26,376,17,26,13,1371,3
27,673,0,199,37,47,26,982,2
28,23,0,9,0,0,12,44,0
8,199,33,60,8,3,15,318,0
18,261,23,73,4,23,50,434,0
76,111,16,37,7,9,18,198,0
0,16,4,12,2,4,321,359,2
32,63,151,137,153,19,53,576,1
2,58,0,18,2,0,10,88,0
16,29,1,17,0,3,13,63,0
56,3,2,12,0,1,9,27,0
97,28,34,62,11,14,44,193,0
15,40,3,30,10,7,11,101,0
35,879,143,797,106,143,143,2211,1
3,62,1,44,6,5,22,140,0
49,280,7,81,20,0,27,415,0
4,9,0,6,3,1,3,22,0
45,182,4,33,0,2,42,263,0
37,83,2,101,64,26,117,393,2
39,38,15,54,3,8,29,147,0
38,228,19,130,4,11,51,443,0
8,1092,37,592,145,37,55,1958,3
89,85,15,27,13,13,21,174,0
47,1276,24,746,94,29,48,2217,3
75,1017,33,417,108,100,16,1691,3
86,6,2,9,2,1,5,25,0
4,448,21,125,52,101,62,809,2
73,504,23,117,179,28,44,895,2
46,226,22,133,41,31,31,484,0
38,239,3,141,0,7,23,413,0
73,90,38,67,33,36,67,331,0
66,7,2,8,3,2,3,25,0
36,4,2,5,2,0,0,13,0
29,16,17,19,20,21,22,115,0
29,10,3,3,0,0,0,16,0
6,68,0,16,0,0,8,92,0
97,35,0,13,2,0,2,52,0
61,575,80,428,208,93,80,1464,1
68,315,0,31,4,0,91,441,2
73,182,2,49,17,13,20,283,0
90,561,14,113,10,14,35,747,2
81,587,51,932,180,34,86,1870,3
1,94,1,33,13,12,12,165,0
79,908,43,735,40,194,21,1941,3
92,228,122,122,208,129,30,839,1
31,995,112,417,42,48,41,1655,3
46,11,1,2,2,1,6,23,0
14,3,3,14,15,21,10,66,0
89,12,1,16,4,1,3,37,0
31,17,0,2,0,0,2,21,0
75,8,0,5,0,3,6,22,0
42,22,4,17,12,10,13,78,0
53,14,10,29,4,7,15,79,0
53,106,27,68,52,7,5,265,0
23,820,57,242,45,0,11,1175,2
57,753,43,226,69,10,204,1305,2
49,13,3,17,7,3,3,46,0
6,9,1,3,0,4,8,25,0
29,19,3,6,4,2,12,46,0
5,520,8,223,32,49,42,874,2
98,5,17,17,13,14,34,100,0
80,618,44,215,0,17,36,930,2
4,315,35,322,46,7,143,868,2
70,15,1,23,0,5,1,45,0
32,384,60,364,119,101,232,1260,1
82,110,29,92,28,10,145,414,2
27,208,17,76,36,17,38,392,0
94,555,82,257,93,61,61,1109,1
23,240,90,216,63,6,24,639,2
97,11,0,36,15,5,12,79,0
25,848,154,323,201,61,78,1665,1
92,202,47,197,55,42,149,692,2
98,433,89,650,16,102,102,1392,3
19,6,6,15,10,5,2,44,0
80,37,0,7,3,0,3,50,0
80,167,37,64,49,34,116,467,2
79,45,7,99,4,25,43,223,0
50,129,0,21,0,1,7,158,0
60,713,0,264,120,80,34,1211,3
44,676,161,426,210,44,58,1575,1
0,450,26,535,73,98,26,1208,3
28,22,2,12,0,2,5,43,0
35,367,4,51,6,4,95,527,2
49,526,35,214,69,53,35,932,2
46,51,0,16,0,0,4,71,0
97,25,0,11,3,0,15,54,0
51,28,6,27,12,17,39,129,0
80,958,159,447,20,0,31,1615,3
10,532,88,168,69,44,133,1034,2
29,724,17,143,0,8,196,1088,2
52,375,42,48,94,66,96,721,2
74,39,0,56,20,8,14,137,0
82,23,0,15,0,2,7,47,0
54,587,54,348,71,54,130,1244,3
93,29,1,11,0,0,0,41,0
63,757,80,217,29,80,11,1174,3
92,544,35,133,23,151,107,993,2
40,40,15,15,17,6,7,100,0
70,1245,33,332,21,33,16,1680,3
96,19,1,20,16,14,28,98,0
81,16,3,15,2,1,11,48,0
63,376,4,94,12,9,24,519,0
85,184,178,178,103,39,33,715,1
51,15,0,11,0,2,9,37,0
23,124,83,267,85,59,35,653,2
95,627,120,414,121,80,93,1455,1
11,180,60,241,13,54,54,602,2
42,14,0,4,0,0,8,26,0
77,3,3,24,34,7,31,102,0
82,71,1,16,0,0,9,97,0
83,161,0,22,0,0,24,207,0
40,8,26,46,38,9,49,176,0
95,264,0,21,12,6,147,450,2
32,293,6,23,13,6,92,433,2
48,758,12,385,33,89,89,1366,3
75,532,126,490,164,126,126,1564,1
24,656,38,161,62,47,37,1001,2
61,196,25,607,67,17,49,961,3
6,835,73,380,114,73,43,1518,3
16,16,11,15,2,0,12,56,0
39,9,1,5,2,1,4,22,0
2,229,7,140,10,3,11,400,0
49,0,1,4,15,1,5,26,0
31,121,24,124,24,15,42,350,0
58,471,102,125,212,61,245,1216,1
5,520,8,223,32,49,42,874,2
90,26,1,10,2,0,1,40,0
47,240,132,445,250,192,108,1367,1
25,178,4,26,8,4,44,264,0
60,1486,55,278,49,0,185,2053,3
67,1115,12,128,33,12,76,1376,2
40,29,0,8,2,0,6,45,0
63,529,0,356,63,28,0,976,2
1,13,3,8,7,4,16,51,0
89,934,24,230,16,24,36,1264,2
40,2,7,11,16,12,27,75,0
5,4,12,5,3,16,17,57,0
3,62,1,44,6,5,22,140,0
1,158,35,179,0,0,125,497,2
24,173,2,39,3,2,47,266,0
89,830,59,968,51,79,19,2006,3
48,189,10,253,56,43,64,615,2
31,728,17,133,11,8,124,1021,2
68,7,2,9,2,0,2,22,0
46,35,4,17,7,6,64,133,0
92,188,3,180,20,3,43,437,0
80,742,28,152,25,9,57,1013,2
16,0,7,5,26,2,17,57,0
50,750,71,174,13,10,20,1038,2
93,816,42,450,55,56,154,1573,3
51,5,2,8,2,2,9,28,0
24,37,5,56,12,8,5,123,0
79,4,0,4,0,0,5,13,0
26,99,2,11,4,0,16,132,0
86,176,72,98,136,21,229,732,1
68,54,0,10,0,0,2,66,0
98,997,15,414,99,30,76,1631,3
34,356,0,107,19,9,117,608,2
60,1311,0,359,46,89,17,1822,3
3,890,63,292,0,25,12,1282,2
65,4,0,2,0,0,2,8,0
83,17,0,14,7,3,2,43,0
64,960,0,883,50,38,0,1931,3
85,2,1,2,1,1,1,8,0
69,1,3,2,20,30,47,103,0
48,240,67,500,199,0,163,1169,1
21,301,11,61,4,7,11,395,0
30,154,0,50,6,11,37,258,0
39,2,3,6,4,1,9,25,0
76,104,12,48,4,12,5,185,0
11,70,3,37,4,2,64,180,0
26,2,0,9,3,6,2,22,0
34,23,2,11,3,1,4,44,0
72,43,4,12,8,0,27,94,0
13,4,24,11,16,1,25,81,0
58,654,7,92,0,15,30,798,2
12,912,72,170,47,36,97,1334,2
23,25,0,8,0,1,4,38,0
33,24,4,22,0,2,9,61,0
30,141,11,114,15,14,5,300,0
15,71,0,13,3,1,0,88,0
25,35,1,16,0,1,1,54,0
4,496,32,849,229,48,128,1782,1
80,9,9,11,13,10,16,68,0
30,154,0,50,6,11,37,258,0
6,9,1,5,4,5,7,31,0
16,26,3,23,4,7,3,66,0
57,77,8,44,10,10,25,174,0
9,11,2,7,4,2,2,28,0
59,576,7,115,19,7,7,731,2
78,89,15,89,34,42,5,274,0
90,1013,30,399,60,46,153,1701,3
74,224,12,48,4,12,12,312,0
10,200,19,111,50,15,19,414,0
63,570,73,614,133,102,73,1565,1
13,1,3,3,8,1,13,29,0
98,62,1,20,4,0,7,94,0
4,531,69,300,150,138,150,1338,1
94,162,28,818,0,28,56,1092,3
91,675,144,133,94,192,241,1479,1
66,23,4,10,0,2,15,54,0
14,492,5,32,13,5,21,568,0
77,918,10,129,13,0,129,1199,2
41,224,155,155,192,93,54,873,1
21,572,19,286,50,38,248,1213,2
25,626,0,70,0,7,28,731,2
2,1074,37,518,193,92,129,2043,1
51,741,68,689,224,68,103,1893,1
3,322,3,50,4,3,42,424,0
32,254,10,44,30,10,227,575,2
84,116,6,82,6,6,41,257,0
49,22,2,18,0,2,12,56,0
69,516,0,21,0,0,5,542,0
96,14,36,11,3,26,35,125,0
23,2,8,10,12,14,23,69,0
18,28,0,9,3,0,0,40,0
8,530,142,217,62,9,56,1016,1
21,519,50,167,130,0,41,907,2
60,611,76,749,59,45,26,1566,3
48,240,67,500,199,0,163,1169,1
36,4,9,12,11,2,8,46,0
36,671,47,655,145,111,15,1644,3
63,23,1,7,0,4,24,59,0
2,9,1,2,3,2,0,17,0
38,556,54,845,202,133,63,1853,1
61,833,80,363,52,26,174,1528,3
52,12,0,13,4,2,4,35,0
25,56,7,48,10,2,18,141,0
63,293,8,124,11,4,106,546,2
10,297,0,38,13,0,152,500,2
65,39,1,16,2,0,3,61,0
71,5,11,16,21,8,45,106,0
0,266,21,300,65,8,44,704,2
3,322,3,50,4,3,42,424,0
88,366,124,156,71,78,54,849,1
15,32,0,8,23,4,18,85,0
80,158,0,23,0,0,18,199,0
17,269,129,495,182,43,29,1147,1
76,41,0,10,0,0,3,54,0
52,3,3,3,15,4,15,43,0
28,33,0,5,0,0,15,53,0
31,302,29,131,32,0,27,521,0
42,519,71,860,93,27,53,1623,3
24,23,2,17,2,1,0,45,0
42,594,51,631,72,55,32,1435,3
12,12,4,7,1,3,5,32,0
88,4,2,5,0,0,5,16,0
67,18,3,19,3,3,6,52,0
54,332,194,377,149,125,57,1234,1
40,5,1,8,0,0,1,15,0
73,171,3,129,26,24,62,415,0
81,270,31,88,11,48,22,470,0
12,712,26,538,69,13,80,1438,3
7,2,8,11,3,8,21,53,0
33,21,12,12,0,3,3,51,0
24,580,6,58,8,0,27,679,2
55,368,24,68,38,0,88,586,2
87,457,5,106,15,17,53,653,2
39,229,7,137,4,0,91,468,2
53,32,2,1607,12,4,22,1679,3
9,3,2,8,20,0,17,50,0
82,24,3,26,7,1,23,84,0
71,853,10,143,13,10,20,1049,2
50,5,1,6,3,4,3,22,0
23,9,14,18,8,1,12,62,0
81,3,3,7,6,2,9,30,0
46,709,43,182,42,118,247,1341,1
56,406,0,30,0,0,8,444,0
91,908,48,217,32,12,24,1241,2
8,428,30,214,80,30,61,843,2
40,84,3,61,2,1,21,172,0
